,sharpe_ratio,sortino_ratio,max_drawdown,calmar_ratio,beta,alpha
0,-0.10170039963491799,-0.0884576757203996,-0.006518450222083083,-0.5984792216424282,0.9918406996178771,-0.0005046434594581958
