,sharpe_ratio,sortino_ratio,max_drawdown,calmar_ratio,beta,alpha
0,0.9798613720325563,0.0,0.0,0.0,0.30336062399999997,-5.3199349710531885e-05
