,sharpe_ratio,sortino_ratio,max_drawdown,calmar_ratio,beta,alpha
0,64.7033673241044,75.56488122678267,-0.006637213587444624,4731841539481281.0,2.0002030169173817,35197081476892.664
