,sharpe_ratio,sortino_ratio,max_drawdown,calmar_ratio,beta,alpha
0,-5.378369923976621,-5.378695205656072,-0.015397268831603195,-10.939385531538095,0.010299698382297948,-0.2163005422865845
