,sharpe_ratio,sortino_ratio,max_drawdown,calmar_ratio,beta,alpha
0,-5.387460232082585,-5.387788046146724,-0.015397268831603195,-10.99995940463239,0.010405907375383681,-0.21740984842770486
