,sharpe_ratio,sortino_ratio,max_drawdown,calmar_ratio,beta,alpha
0,0.0673411741723091,0.10504242859048551,-0.3831292992865607,-1.7952894115540652,2.6494009646234264,0.4928715552388787
