,sharpe_ratio,sortino_ratio,max_drawdown,calmar_ratio,beta,alpha
0,-0.661844903668246,-0.8151388874188323,-0.7228782873570885,-1.3815110843604126,-0.6262802518970496,25.889262521441417
