,sharpe_ratio,sortino_ratio,max_drawdown,calmar_ratio,beta,alpha
0,3.8162873903887533,5.88650188069542,-0.03498563747558514,34.75926390642604,-0.010114260288735416,1.1982553817541515
